{"cameraMode":{"drawMode":0,"name":"Shaded","section":"Shading Mode"},"sceneLighting":true,"audioPlay":false,"sceneViewState":{"showFog":false,"showMaterialUpdate":false,"showSkybox":false,"showFlares":false,"showImageEffects":false,"showParticleSystems":false},"in2DMode":false,"pivot":{"x":3.7157931327819826,"y":4.6919989585876469,"z":11.550188064575196},"rotation":{"x":-0.0021043221931904556,"y":0.02304575778543949,"z":-0.00020894558110740036,"w":-0.9998021721839905},"size":18.519447326660158,"orthographic":false}